Risk_ID,Category,Risk_Description,Affected_Feature_or_Requirement,Severity,Likelihood,Mitigation_Action,Owner,GitHub_Evidence,Status
R-01,Privacy,Contact details could leak onto public screens as new screens are added in Sprints 1-2,FR-05; FR-07; FR-15; NFR-02,High,Low,"RSU email is the only contact channel and appears only after mutual accept; public-screen scan repeated at Labs 08, 13 and final release - no identifiers on any public screen",Thiri (UX/Validation),Issue #40,Closed
R-02,Privacy,Free-text pickup area or listing photos could reveal private info (room numbers; faces; room backgrounds),FR-03; FR-07; photo feature Sprint 1,Medium,Medium,Pickup area is a fixed campus-zone dropdown; item-only photo rule stated on the sell form,Thiri (UX/Validation),Issue #41,Closed
R-03,Legal,Verification process could drift into storing ID numbers or images creating real PDPA exposure,FR-09; FR-15; NFR-04,High,Low,Verification stayed an in-person visual check storing a boolean flag only; no ID data anywhere in the final build,Hein (Product/Docs),Issue #40,Closed
R-04,Security,Listing title and pickup area rendered via innerHTML - typed HTML/script executes on render (stored XSS pattern),FR-05 record list; /prototype/mvp-demo.html,Medium,Medium,textContent rendering shipped in v0.2 and regression-tested at every release incl. v1.0,Eimyat (Technical/Business),Issue #42,Closed
R-05,Security,Admin actions not separated - anyone in the demo browser could change status or remove listings,FR-08; FR-09,Medium,Medium,Separate labelled Admin view (demo) shipped; seller status control moved to My Listings in v0.3,Eimyat (Technical/Business),Issue #43,Closed
R-06,Ethical,Meet-safely tagline plus verified badge may overpromise safety while verification is simulated in the demo,FR-01 homepage; FR-07 badge,Medium,Medium,Safer-meetups wording and simulated-verification labels shipped; landing page copy follows the same rule,Hein (Product/Docs),Issue #44,Closed
R-07,Ethical,Users do not understand what happens after a contact request (2/5 in Lab 08) and misread Reserved status,FR-11; FR-08; contact-flow user stories,Medium,High,What-happens-next explainer and Reserved wording shipped; verified in Lab 13 (contact flow 4/5 vs 2/5; Reserved 5/5),Thiri (UX/Validation),Issue #36 + #37,Closed
R-08,IP,Icons stock images or snippets could be added without license records during Sprints 1-2 and Lab 12 landing page,UI screens; landing page,Medium,Medium,Register-first rule held: final IP register shows zero third-party assets; AI documentation assistance disclosed,Hein (Product/Docs),Issue #45,Closed
R-09,Data quality,localStorage is per-browser and wipeable causing inconsistent demo data; duplicate listings possible,FR-04; FR-10; FR-12 dashboard,Medium,Medium,Seed self-heal + reset button; duplicate-listing confirm dialog shipped in v1.0,Eimyat (Technical/Business),Issue #46,Closed
